{"cameraMode":{"drawMode":2,"name":"Shaded Wireframe","section":"Shading Mode"},"sceneLighting":true,"audioPlay":false,"sceneViewState":{"showFog":false,"showMaterialUpdate":false,"showSkybox":false,"showFlares":false,"showImageEffects":false,"showParticleSystems":false},"in2DMode":false,"pivot":{"x":0.001964399591088295,"y":-0.07210297137498856,"z":0.9969477653503418},"rotation":{"x":0.43253928422927859,"y":0.15370400249958039,"z":-0.07510208338499069,"w":0.8852369785308838},"size":0.2153887003660202,"orthographic":true}