{"cameraMode":{"drawMode":2,"name":"Shaded Wireframe","section":"Shading Mode"},"sceneLighting":true,"audioPlay":false,"sceneViewState":{"showFog":false,"showMaterialUpdate":false,"showSkybox":false,"showFlares":false,"showImageEffects":false,"showParticleSystems":false},"in2DMode":false,"pivot":{"x":0.004354906268417835,"y":-0.08315779268741608,"z":1.3231911659240723},"rotation":{"x":0.21887293457984925,"y":0.03425687551498413,"z":-0.007687173318117857,"w":0.9751215577125549},"size":0.14923758804798127,"orthographic":true}