{"cameraMode":{"drawMode":2,"name":"Shaded Wireframe","section":"Shading Mode"},"sceneLighting":true,"audioPlay":false,"sceneViewState":{"showFog":false,"showMaterialUpdate":false,"showSkybox":false,"showFlares":false,"showImageEffects":false,"showParticleSystems":false},"in2DMode":false,"pivot":{"x":378.26873779296877,"y":149.75582885742188,"z":-17.181230545043947},"rotation":{"x":-0.07791668176651001,"y":0.002383399987593293,"z":-0.00017861153173726052,"w":-0.996957004070282},"size":418.7958679199219,"orthographic":true}