{"cameraMode":{"drawMode":2,"name":"Shaded Wireframe","section":"Shading Mode"},"sceneLighting":true,"audioPlay":false,"sceneViewState":{"showFog":false,"showMaterialUpdate":false,"showSkybox":false,"showFlares":false,"showImageEffects":false,"showParticleSystems":false},"in2DMode":false,"pivot":{"x":0.0567999891936779,"y":-0.09440000355243683,"z":1.0379999876022339},"rotation":{"x":-0.4947691261768341,"y":-0.061430733650922778,"z":0.035091202706098559,"w":-0.8661399483680725},"size":0.7424035668373108,"orthographic":true}