{"cameraMode":{"drawMode":2,"name":"Shaded Wireframe","section":"Shading Mode"},"sceneLighting":true,"audioPlay":false,"sceneViewState":{"showFog":false,"showMaterialUpdate":false,"showSkybox":false,"showFlares":false,"showImageEffects":false,"showParticleSystems":false},"in2DMode":false,"pivot":{"x":-0.05360059812664986,"y":0.19797402620315553,"z":0.32119330763816836},"rotation":{"x":0.5244067311286926,"y":0.33683091402053835,"z":-0.23702426254749299,"w":0.745226263999939},"size":0.8563615679740906,"orthographic":true}