{"cameraMode":{"drawMode":2,"name":"Shaded Wireframe","section":"Shading Mode"},"sceneLighting":true,"audioPlay":false,"sceneViewState":{"showFog":false,"showMaterialUpdate":false,"showSkybox":false,"showFlares":false,"showImageEffects":false,"showParticleSystems":false},"in2DMode":false,"pivot":{"x":-0.49343833327293398,"y":0.3193206787109375,"z":0.432204008102417},"rotation":{"x":0.3922283947467804,"y":0.5880566835403442,"z":-0.39152440428733828,"w":0.5891137719154358},"size":1.2414672374725342,"orthographic":true}