{"cameraMode":{"drawMode":2,"name":"Shaded Wireframe","section":"Shading Mode"},"sceneLighting":true,"audioPlay":false,"sceneViewState":{"showFog":false,"showMaterialUpdate":false,"showSkybox":false,"showFlares":false,"showImageEffects":false,"showParticleSystems":false},"in2DMode":false,"pivot":{"x":0.06761987507343292,"y":-0.6990883350372315,"z":0.9503252506256104},"rotation":{"x":-0.5032819509506226,"y":0.0038897229824215175,"z":-0.0022642905823886396,"w":-0.86411052942276},"size":4.160607814788818,"orthographic":false}