{"cameraMode":{"drawMode":2,"name":"Shaded Wireframe","section":"Shading Mode"},"sceneLighting":true,"audioPlay":false,"sceneViewState":{"showFog":false,"showMaterialUpdate":false,"showSkybox":false,"showFlares":false,"showImageEffects":false,"showParticleSystems":false},"in2DMode":false,"pivot":{"x":0.1532832533121109,"y":0.08588679879903794,"z":0.7910000681877136},"rotation":{"x":0.23688775300979615,"y":-0.706897497177124,"z":0.27605006098747256,"w":0.6066107153892517},"size":0.7135069370269775,"orthographic":true}