{"cameraMode":{"drawMode":2,"name":"Shaded Wireframe","section":"Shading Mode"},"sceneLighting":true,"audioPlay":false,"sceneViewState":{"showFog":false,"showMaterialUpdate":false,"showSkybox":false,"showFlares":false,"showImageEffects":false,"showParticleSystems":false},"in2DMode":false,"pivot":{"x":0.050320081412792209,"y":1.0127103328704835,"z":-0.47411155700683596},"rotation":{"x":0.39125850796699526,"y":0.0019344126340001822,"z":-0.0008238955633714795,"w":0.9202784299850464},"size":0.5198880434036255,"orthographic":false}