{"cameraMode":{"drawMode":2,"name":"Shaded Wireframe","section":"Shading Mode"},"sceneLighting":true,"audioPlay":false,"sceneViewState":{"showFog":false,"showMaterialUpdate":false,"showSkybox":false,"showFlares":false,"showImageEffects":false,"showParticleSystems":false},"in2DMode":false,"pivot":{"x":-0.09193114191293717,"y":0.025972727686166765,"z":0.9582075476646423},"rotation":{"x":0.5742424130439758,"y":0.3952130377292633,"z":-0.3692878186702728,"w":0.6145558953285217},"size":1.2929861545562745,"orthographic":true}