{"cameraMode":{"drawMode":2,"name":"Shaded Wireframe","section":"Shading Mode"},"sceneLighting":true,"audioPlay":false,"sceneViewState":{"showFog":false,"showMaterialUpdate":false,"showSkybox":false,"showFlares":false,"showImageEffects":false,"showParticleSystems":false},"in2DMode":false,"pivot":{"x":-0.024404145777225496,"y":0.07859434187412262,"z":0.747484564781189},"rotation":{"x":0.38666293025016787,"y":0.33388933539390566,"z":-0.15260262787342072,"w":0.8460036516189575},"size":0.41203588247299197,"orthographic":true}