{"cameraMode":{"drawMode":2,"name":"Shaded Wireframe","section":"Shading Mode"},"sceneLighting":true,"audioPlay":false,"sceneViewState":{"showFog":false,"showMaterialUpdate":false,"showSkybox":false,"showFlares":false,"showImageEffects":false,"showParticleSystems":false},"in2DMode":false,"pivot":{"x":0.0567999891936779,"y":-0.09440000355243683,"z":1.0379999876022339},"rotation":{"x":-0.5908423662185669,"y":0.1301228553056717,"z":-0.0972871482372284,"w":-0.7902585864067078},"size":0.6984037160873413,"orthographic":true}