{"cameraMode":{"drawMode":2,"name":"Shaded Wireframe","section":"Shading Mode"},"sceneLighting":true,"audioPlay":false,"sceneViewState":{"showFog":false,"showMaterialUpdate":false,"showSkybox":false,"showFlares":false,"showImageEffects":false,"showParticleSystems":false},"in2DMode":false,"pivot":{"x":0.16844603419303895,"y":0.048389289528131488,"z":0.8328127861022949},"rotation":{"x":0.43868714570999148,"y":0.01428884919732809,"z":-0.006975624244660139,"w":0.8984992504119873},"size":3.952655076980591,"orthographic":false}