{"cameraMode":{"drawMode":2,"name":"Shaded Wireframe","section":"Shading Mode"},"sceneLighting":true,"audioPlay":false,"sceneViewState":{"showFog":false,"showMaterialUpdate":false,"showSkybox":false,"showFlares":false,"showImageEffects":false,"showParticleSystems":false},"in2DMode":false,"pivot":{"x":0.21155452728271485,"y":-0.26330888271331789,"z":0.791927695274353},"rotation":{"x":0.387237548828125,"y":0.45708349347114565,"z":-0.23086173832416535,"w":0.7666972279548645},"size":1.510771632194519,"orthographic":true}