{"cameraMode":{"drawMode":2,"name":"Shaded Wireframe","section":"Shading Mode"},"sceneLighting":true,"audioPlay":false,"sceneViewState":{"showFog":false,"showMaterialUpdate":false,"showSkybox":false,"showFlares":false,"showImageEffects":false,"showParticleSystems":false},"in2DMode":false,"pivot":{"x":0.0567999891936779,"y":-0.09440000355243683,"z":1.0379999876022339},"rotation":{"x":-0.17475681006908418,"y":-0.7108532786369324,"z":0.1898634284734726,"w":-0.6542932391166687},"size":0.6789165139198303,"orthographic":true}