{"cameraMode":{"drawMode":2,"name":"Shaded Wireframe","section":"Shading Mode"},"sceneLighting":true,"audioPlay":false,"sceneViewState":{"showFog":false,"showMaterialUpdate":false,"showSkybox":false,"showFlares":false,"showImageEffects":false,"showParticleSystems":false},"in2DMode":false,"pivot":{"x":-0.33154720067977908,"y":-0.5378791093826294,"z":1.2397319078445435},"rotation":{"x":-0.47955942153930666,"y":-0.02631661295890808,"z":0.014391628094017506,"w":-0.876996636390686},"size":1.584656000137329,"orthographic":false}