{"cameraMode":{"drawMode":2,"name":"Shaded Wireframe","section":"Shading Mode"},"sceneLighting":true,"audioPlay":false,"sceneViewState":{"showFog":false,"showMaterialUpdate":false,"showSkybox":false,"showFlares":false,"showImageEffects":false,"showParticleSystems":false},"in2DMode":false,"pivot":{"x":0.03167577460408211,"y":1.1135977506637574,"z":-0.35025572776794436},"rotation":{"x":0.42819660902023318,"y":-0.003522627055644989,"z":0.0016676519298925996,"w":0.903677225112915},"size":0.43552935123443606,"orthographic":false}