{"cameraMode":{"drawMode":2,"name":"Shaded Wireframe","section":"Shading Mode"},"sceneLighting":true,"audioPlay":false,"sceneViewState":{"showFog":false,"showMaterialUpdate":false,"showSkybox":false,"showFlares":false,"showImageEffects":false,"showParticleSystems":false},"in2DMode":false,"pivot":{"x":-0.08505032956600189,"y":0.17368802428245545,"z":0.8616101741790772},"rotation":{"x":0.6200335621833801,"y":0.10384003818035126,"z":-0.08326967805624008,"w":0.7732023596763611},"size":0.3055870532989502,"orthographic":true}