{"cameraMode":{"drawMode":2,"name":"Shaded Wireframe","section":"Shading Mode"},"sceneLighting":true,"audioPlay":false,"sceneViewState":{"showFog":false,"showMaterialUpdate":false,"showSkybox":false,"showFlares":false,"showImageEffects":false,"showParticleSystems":false},"in2DMode":false,"pivot":{"x":0.16143465042114259,"y":0.053336333483457568,"z":0.9743691682815552},"rotation":{"x":0.5244067311286926,"y":0.33683091402053835,"z":-0.23702426254749299,"w":0.745226263999939},"size":1.4601123332977296,"orthographic":true}