{"cameraMode":{"drawMode":2,"name":"Shaded Wireframe","section":"Shading Mode"},"sceneLighting":true,"audioPlay":false,"sceneViewState":{"showFog":false,"showMaterialUpdate":false,"showSkybox":false,"showFlares":false,"showImageEffects":false,"showParticleSystems":false},"in2DMode":false,"pivot":{"x":0.28255102038383486,"y":-0.5143451690673828,"z":0.30919405817985537},"rotation":{"x":0.3379071354866028,"y":0.6230946183204651,"z":-0.340963214635849,"w":0.6175078749656677},"size":1.3374912738800049,"orthographic":false}