{"cameraMode":{"drawMode":2,"name":"Shaded Wireframe","section":"Shading Mode"},"sceneLighting":true,"audioPlay":false,"sceneViewState":{"showFog":false,"showMaterialUpdate":false,"showSkybox":false,"showFlares":false,"showImageEffects":false,"showParticleSystems":false},"in2DMode":false,"pivot":{"x":386.4600830078125,"y":215.24656677246095,"z":-10.186493873596192},"rotation":{"x":-0.0779166892170906,"y":0.002383400220423937,"z":-0.00017861154628917575,"w":-0.9969570636749268},"size":433.0520324707031,"orthographic":true}