{"cameraMode":{"drawMode":2,"name":"Shaded Wireframe","section":"Shading Mode"},"sceneLighting":true,"audioPlay":false,"sceneViewState":{"showFog":false,"showMaterialUpdate":false,"showSkybox":false,"showFlares":false,"showImageEffects":false,"showParticleSystems":false},"in2DMode":false,"pivot":{"x":-0.37162652611732485,"y":-0.8151659369468689,"z":0.9604057669639587},"rotation":{"x":-0.40531665086746218,"y":0.25023242831230166,"z":-0.11637368053197861,"w":-0.8715270757675171},"size":1.4925365447998047,"orthographic":false}