{"cameraMode":{"drawMode":2,"name":"Shaded Wireframe","section":"Shading Mode"},"sceneLighting":true,"audioPlay":false,"sceneViewState":{"showFog":false,"showMaterialUpdate":false,"showSkybox":false,"showFlares":false,"showImageEffects":false,"showParticleSystems":false},"in2DMode":false,"pivot":{"x":-0.03237113356590271,"y":-0.07387423515319824,"z":0.9253991842269898},"rotation":{"x":-0.4174012541770935,"y":-0.32663965225219729,"z":0.16387856006622315,"w":-0.8320015668869019},"size":0.684880256652832,"orthographic":true}