{"cameraMode":{"drawMode":2,"name":"Shaded Wireframe","section":"Shading Mode"},"sceneLighting":true,"audioPlay":false,"sceneViewState":{"showFog":false,"showMaterialUpdate":false,"showSkybox":false,"showFlares":false,"showImageEffects":false,"showParticleSystems":false},"in2DMode":false,"pivot":{"x":0.0021834722720086576,"y":-0.10858473926782608,"z":0.8049321174621582},"rotation":{"x":0.4987669289112091,"y":0.5011690258979797,"z":-0.49430039525032046,"w":0.5056958794593811},"size":2.0353007316589357,"orthographic":false}