{"cameraMode":{"drawMode":2,"name":"Shaded Wireframe","section":"Shading Mode"},"sceneLighting":true,"audioPlay":false,"sceneViewState":{"showFog":false,"showMaterialUpdate":false,"showSkybox":false,"showFlares":false,"showImageEffects":false,"showParticleSystems":false},"in2DMode":false,"pivot":{"x":-0.21664860844612122,"y":-0.7850757837295532,"z":1.3541018962860108},"rotation":{"x":0.3996681272983551,"y":-0.3283306360244751,"z":0.15593712031841279,"w":0.8415153622627258},"size":0.7414743900299072,"orthographic":true}