{"cameraMode":{"drawMode":2,"name":"Shaded Wireframe","section":"Shading Mode"},"sceneLighting":true,"audioPlay":false,"sceneViewState":{"showFog":false,"showMaterialUpdate":false,"showSkybox":false,"showFlares":false,"showImageEffects":false,"showParticleSystems":false},"in2DMode":false,"pivot":{"x":0.0267331600189209,"y":-0.07929830253124237,"z":0.40952062606811526},"rotation":{"x":0.3168303668498993,"y":0.35642173886299136,"z":-0.1299017369747162,"w":0.8693144917488098},"size":0.41857320070266726,"orthographic":true}