{"cameraMode":{"drawMode":2,"name":"Shaded Wireframe","section":"Shading Mode"},"sceneLighting":true,"audioPlay":false,"sceneViewState":{"showFog":false,"showMaterialUpdate":false,"showSkybox":false,"showFlares":false,"showImageEffects":false,"showParticleSystems":false},"in2DMode":false,"pivot":{"x":-0.24097281694412232,"y":-0.32535189390182497,"z":0.7432190775871277},"rotation":{"x":0.46702271699905398,"y":0.2028970569372177,"z":-0.11102651059627533,"w":0.8534610271453857},"size":1.5728251934051514,"orthographic":false}